class,code,short_name,Area
1,Alpine,alpine,99483.32163
1,Arctic,arctic,2.584788643
1,Atlantic,atlantic,78558.44151
1,BlackSea,blackSea,819.6221119
1,Boreal,boreal,110938.3115
1,Continental,continental,203786.1761
1,Mediterranean,mediterranean,73048.77552
1,Pannonian,pannonian,17112.74635
1,Steppic,steppic,4341.380621
2,Alpine,alpine,69170.07523
2,Arctic,arctic,23.54096137
2,Atlantic,atlantic,216106.2012
2,BlackSea,blackSea,1968.151355
2,Boreal,boreal,149659.8342
2,Continental,continental,254618.6138
2,Mediterranean,mediterranean,128235.3302
2,Pannonian,pannonian,19076.16346
2,Steppic,steppic,2261.393711
3,Alpine,alpine,29424.93948
3,Arctic,arctic,0
3,Atlantic,atlantic,76833.36095
3,BlackSea,blackSea,852.7088076
3,Boreal,boreal,35065.63807
3,Continental,continental,178109.7608
3,Mediterranean,mediterranean,62524.83505
3,Pannonian,pannonian,24744.85604
3,Steppic,steppic,3446.222919
4,Alpine,alpine,18628.28956
4,Arctic,arctic,15.5848287
4,Atlantic,atlantic,126970.6025
4,BlackSea,blackSea,547.7204193
4,Boreal,boreal,30759.51453
4,Continental,continental,105976.5531
4,Mediterranean,mediterranean,74630.15575
4,Pannonian,pannonian,10025.79706
4,Steppic,steppic,1132.900713
5,Alpine,alpine,43055.6906
5,Arctic,arctic,3.126451217
5,Atlantic,atlantic,30496.1984
5,BlackSea,blackSea,124.0945527
5,Boreal,boreal,66319.47551
5,Continental,continental,81083.22163
5,Mediterranean,mediterranean,26637.16029
5,Pannonian,pannonian,2541.960634
5,Steppic,steppic,344.0308858
6,Alpine,alpine,32811.72723
6,Arctic,arctic,17.69475379
6,Atlantic,atlantic,80181.26983
6,BlackSea,blackSea,178.390496
6,Boreal,boreal,60906.02162
6,Continental,continental,80849.3556
6,Mediterranean,mediterranean,47074.37415
6,Pannonian,pannonian,1968.074702
6,Steppic,steppic,213.6315047
7,Alpine,alpine,83578.94954
7,Arctic,arctic,0
7,Atlantic,atlantic,37147.8423
7,BlackSea,blackSea,355.1456231
7,Boreal,boreal,255245.292
7,Continental,continental,161880.7328
7,Mediterranean,mediterranean,22859.9125
7,Pannonian,pannonian,6544.362026
7,Steppic,steppic,614.9087102
8,Alpine,alpine,19100.66876
8,Arctic,arctic,5.517046683
8,Atlantic,atlantic,68432.02878
8,BlackSea,blackSea,257.6962628
8,Boreal,boreal,117699.5265
8,Continental,continental,80523.19546
8,Mediterranean,mediterranean,45176.87507
8,Pannonian,pannonian,2507.671
8,Steppic,steppic,209.4698162
