system:index,CAPT,CC_STAT,CNTR_ID,CNTR_NAME,EFTA_STAT,EU_STAT,FID_1,ISO3_CODE,NAME_ENGL,NAME_FREN,NAME_GERM,SVRG_UN,class,Area,.geo
0_0000000000000000000f,Tórshavn,F,FO,Færøerne-Føroyar,F,F,FO,FRO,Faroes,Îles Féroé,Färöer,DK Territory,1,0,"{""type"":""MultiPoint"",""coordinates"":[]}"
0_0000000000000000001c,Monaco,F,MC,Monaco,F,F,MC,MCO,Monaco,Monaco,Monaco,UN Member State,1,0,"{""type"":""MultiPoint"",""coordinates"":[]}"
0_0000000000000000000b,Nicosia,F,CY,Κύπρος-Kıbrıs,F,T,CY,CYP,Cyprus,Chypre,Zypern,UN Member State,1,0,"{""type"":""MultiPoint"",""coordinates"":[]}"
0_0000000000000000001e,Valletta,F,MT,Malta-Malta,F,T,MT,MLT,Malta,Malte,Malta,UN Member State,1,0,"{""type"":""MultiPoint"",""coordinates"":[]}"
0_00000000000000000015,Reykjavík,F,IS,Ísland,T,F,IS,ISL,Iceland,Islande,Island,UN Member State,1,0,"{""type"":""MultiPoint"",""coordinates"":[]}"
1_0000000000000000000f,Tórshavn,F,FO,Færøerne-Føroyar,F,F,FO,FRO,Faroes,Îles Féroé,Färöer,DK Territory,2,0,"{""type"":""MultiPoint"",""coordinates"":[]}"
1_0000000000000000001c,Monaco,F,MC,Monaco,F,F,MC,MCO,Monaco,Monaco,Monaco,UN Member State,2,0,"{""type"":""MultiPoint"",""coordinates"":[]}"
1_0000000000000000000b,Nicosia,F,CY,Κύπρος-Kıbrıs,F,T,CY,CYP,Cyprus,Chypre,Zypern,UN Member State,2,0,"{""type"":""MultiPoint"",""coordinates"":[]}"
1_0000000000000000001e,Valletta,F,MT,Malta-Malta,F,T,MT,MLT,Malta,Malte,Malta,UN Member State,2,0,"{""type"":""MultiPoint"",""coordinates"":[]}"
1_00000000000000000015,Reykjavík,F,IS,Ísland,T,F,IS,ISL,Iceland,Islande,Island,UN Member State,2,0,"{""type"":""MultiPoint"",""coordinates"":[]}"
2_0000000000000000000f,Tórshavn,F,FO,Færøerne-Føroyar,F,F,FO,FRO,Faroes,Îles Féroé,Färöer,DK Territory,3,0,"{""type"":""MultiPoint"",""coordinates"":[]}"
2_0000000000000000002c,Vaticano,F,VA,Stato Della Città Del Vaticano-Status Civitatis Vaticanae,F,F,VA,VAT,Vatican City,Cité du Vatican,Vatikanstadt,The City of Vatican,3,0,"{""type"":""MultiPoint"",""coordinates"":[]}"
2_0000000000000000000b,Nicosia,F,CY,Κύπρος-Kıbrıs,F,T,CY,CYP,Cyprus,Chypre,Zypern,UN Member State,3,0,"{""type"":""MultiPoint"",""coordinates"":[]}"
2_0000000000000000001e,Valletta,F,MT,Malta-Malta,F,T,MT,MLT,Malta,Malte,Malta,UN Member State,3,0,"{""type"":""MultiPoint"",""coordinates"":[]}"
2_00000000000000000015,Reykjavík,F,IS,Ísland,T,F,IS,ISL,Iceland,Islande,Island,UN Member State,3,0,"{""type"":""MultiPoint"",""coordinates"":[]}"
3_0000000000000000000e,Gibraltar,F,GI,Gibraltar,F,F,GI,GIB,Gibraltar,Gibraltar,Gibraltar,UK Non-Self-Governing Territory,4,0,"{""type"":""MultiPoint"",""coordinates"":[]}"
3_0000000000000000000f,Tórshavn,F,FO,Færøerne-Føroyar,F,F,FO,FRO,Faroes,Îles Féroé,Färöer,DK Territory,4,0,"{""type"":""MultiPoint"",""coordinates"":[]}"
3_0000000000000000002c,Vaticano,F,VA,Stato Della Città Del Vaticano-Status Civitatis Vaticanae,F,F,VA,VAT,Vatican City,Cité du Vatican,Vatikanstadt,The City of Vatican,4,0,"{""type"":""MultiPoint"",""coordinates"":[]}"
3_0000000000000000000b,Nicosia,F,CY,Κύπρος-Kıbrıs,F,T,CY,CYP,Cyprus,Chypre,Zypern,UN Member State,4,0,"{""type"":""MultiPoint"",""coordinates"":[]}"
3_0000000000000000001e,Valletta,F,MT,Malta-Malta,F,T,MT,MLT,Malta,Malte,Malta,UN Member State,4,0,"{""type"":""MultiPoint"",""coordinates"":[]}"
3_00000000000000000015,Reykjavík,F,IS,Ísland,T,F,IS,ISL,Iceland,Islande,Island,UN Member State,4,0,"{""type"":""MultiPoint"",""coordinates"":[]}"
3_00000000000000000017,Vaduz,F,LI,Liechtenstein,T,F,LI,LIE,Liechtenstein,Liechtenstein,Liechtenstein,UN Member State,4,0,"{""type"":""MultiPoint"",""coordinates"":[]}"
4_0000000000000000000e,Gibraltar,F,GI,Gibraltar,F,F,GI,GIB,Gibraltar,Gibraltar,Gibraltar,UK Non-Self-Governing Territory,5,0,"{""type"":""MultiPoint"",""coordinates"":[]}"
4_0000000000000000000f,Tórshavn,F,FO,Færøerne-Føroyar,F,F,FO,FRO,Faroes,Îles Féroé,Färöer,DK Territory,5,0,"{""type"":""MultiPoint"",""coordinates"":[]}"
4_00000000000000000028,San Marino,F,SM,San Marino,F,F,SM,SMR,San Marino,Saint-Marin,San Marino,UN Member State,5,0,"{""type"":""MultiPoint"",""coordinates"":[]}"
4_0000000000000000002c,Vaticano,F,VA,Stato Della Città Del Vaticano-Status Civitatis Vaticanae,F,F,VA,VAT,Vatican City,Cité du Vatican,Vatikanstadt,The City of Vatican,5,0,"{""type"":""MultiPoint"",""coordinates"":[]}"
4_0000000000000000000b,Nicosia,F,CY,Κύπρος-Kıbrıs,F,T,CY,CYP,Cyprus,Chypre,Zypern,UN Member State,5,0,"{""type"":""MultiPoint"",""coordinates"":[]}"
4_0000000000000000001e,Valletta,F,MT,Malta-Malta,F,T,MT,MLT,Malta,Malte,Malta,UN Member State,5,0,"{""type"":""MultiPoint"",""coordinates"":[]}"
4_00000000000000000015,Reykjavík,F,IS,Ísland,T,F,IS,ISL,Iceland,Islande,Island,UN Member State,5,0,"{""type"":""MultiPoint"",""coordinates"":[]}"
5_0000000000000000000e,Gibraltar,F,GI,Gibraltar,F,F,GI,GIB,Gibraltar,Gibraltar,Gibraltar,UK Non-Self-Governing Territory,6,0,"{""type"":""MultiPoint"",""coordinates"":[]}"
5_0000000000000000000f,Tórshavn,F,FO,Færøerne-Føroyar,F,F,FO,FRO,Faroes,Îles Féroé,Färöer,DK Territory,6,0,"{""type"":""MultiPoint"",""coordinates"":[]}"
5_0000000000000000001c,Monaco,F,MC,Monaco,F,F,MC,MCO,Monaco,Monaco,Monaco,UN Member State,6,0,"{""type"":""MultiPoint"",""coordinates"":[]}"
5_0000000000000000002c,Vaticano,F,VA,Stato Della Città Del Vaticano-Status Civitatis Vaticanae,F,F,VA,VAT,Vatican City,Cité du Vatican,Vatikanstadt,The City of Vatican,6,0,"{""type"":""MultiPoint"",""coordinates"":[]}"
5_0000000000000000000b,Nicosia,F,CY,Κύπρος-Kıbrıs,F,T,CY,CYP,Cyprus,Chypre,Zypern,UN Member State,6,0,"{""type"":""MultiPoint"",""coordinates"":[]}"
5_0000000000000000001e,Valletta,F,MT,Malta-Malta,F,T,MT,MLT,Malta,Malte,Malta,UN Member State,6,0,"{""type"":""MultiPoint"",""coordinates"":[]}"
5_00000000000000000015,Reykjavík,F,IS,Ísland,T,F,IS,ISL,Iceland,Islande,Island,UN Member State,6,0,"{""type"":""MultiPoint"",""coordinates"":[]}"
6_0000000000000000000f,Tórshavn,F,FO,Færøerne-Føroyar,F,F,FO,FRO,Faroes,Îles Féroé,Färöer,DK Territory,7,0,"{""type"":""MultiPoint"",""coordinates"":[]}"
6_0000000000000000001c,Monaco,F,MC,Monaco,F,F,MC,MCO,Monaco,Monaco,Monaco,UN Member State,7,0,"{""type"":""MultiPoint"",""coordinates"":[]}"
6_0000000000000000002c,Vaticano,F,VA,Stato Della Città Del Vaticano-Status Civitatis Vaticanae,F,F,VA,VAT,Vatican City,Cité du Vatican,Vatikanstadt,The City of Vatican,7,0,"{""type"":""MultiPoint"",""coordinates"":[]}"
6_0000000000000000000b,Nicosia,F,CY,Κύπρος-Kıbrıs,F,T,CY,CYP,Cyprus,Chypre,Zypern,UN Member State,7,0,"{""type"":""MultiPoint"",""coordinates"":[]}"
6_0000000000000000001e,Valletta,F,MT,Malta-Malta,F,T,MT,MLT,Malta,Malte,Malta,UN Member State,7,0,"{""type"":""MultiPoint"",""coordinates"":[]}"
6_00000000000000000015,Reykjavík,F,IS,Ísland,T,F,IS,ISL,Iceland,Islande,Island,UN Member State,7,0,"{""type"":""MultiPoint"",""coordinates"":[]}"
7_0000000000000000000e,Gibraltar,F,GI,Gibraltar,F,F,GI,GIB,Gibraltar,Gibraltar,Gibraltar,UK Non-Self-Governing Territory,8,0,"{""type"":""MultiPoint"",""coordinates"":[]}"
7_0000000000000000000f,Tórshavn,F,FO,Færøerne-Føroyar,F,F,FO,FRO,Faroes,Îles Féroé,Färöer,DK Territory,8,0,"{""type"":""MultiPoint"",""coordinates"":[]}"
7_0000000000000000001c,Monaco,F,MC,Monaco,F,F,MC,MCO,Monaco,Monaco,Monaco,UN Member State,8,0,"{""type"":""MultiPoint"",""coordinates"":[]}"
7_00000000000000000028,San Marino,F,SM,San Marino,F,F,SM,SMR,San Marino,Saint-Marin,San Marino,UN Member State,8,0,"{""type"":""MultiPoint"",""coordinates"":[]}"
7_0000000000000000002c,Vaticano,F,VA,Stato Della Città Del Vaticano-Status Civitatis Vaticanae,F,F,VA,VAT,Vatican City,Cité du Vatican,Vatikanstadt,The City of Vatican,8,0,"{""type"":""MultiPoint"",""coordinates"":[]}"
7_0000000000000000000b,Nicosia,F,CY,Κύπρος-Kıbrıs,F,T,CY,CYP,Cyprus,Chypre,Zypern,UN Member State,8,0,"{""type"":""MultiPoint"",""coordinates"":[]}"
7_0000000000000000001e,Valletta,F,MT,Malta-Malta,F,T,MT,MLT,Malta,Malte,Malta,UN Member State,8,0,"{""type"":""MultiPoint"",""coordinates"":[]}"
7_00000000000000000015,Reykjavík,F,IS,Ísland,T,F,IS,ISL,Iceland,Islande,Island,UN Member State,8,0,"{""type"":""MultiPoint"",""coordinates"":[]}"
0_0000000000000000002c,Vaticano,F,VA,Stato Della Città Del Vaticano-Status Civitatis Vaticanae,F,F,VA,VAT,Vatican City,Cité du Vatican,Vatikanstadt,The City of Vatican,1,0.020413604,"{""type"":""MultiPoint"",""coordinates"":[]}"
3_0000000000000000001c,Monaco,F,MC,Monaco,F,F,MC,MCO,Monaco,Monaco,Monaco,UN Member State,4,0.116104785,"{""type"":""MultiPoint"",""coordinates"":[]}"
2_0000000000000000001c,Monaco,F,MC,Monaco,F,F,MC,MCO,Monaco,Monaco,Monaco,UN Member State,3,0.444727936,"{""type"":""MultiPoint"",""coordinates"":[]}"
1_0000000000000000002c,Vaticano,F,VA,Stato Della Città Del Vaticano-Status Civitatis Vaticanae,F,F,VA,VAT,Vatican City,Cité du Vatican,Vatikanstadt,The City of Vatican,2,0.475411233,"{""type"":""MultiPoint"",""coordinates"":[]}"
4_0000000000000000001c,Monaco,F,MC,Monaco,F,F,MC,MCO,Monaco,Monaco,Monaco,UN Member State,5,0.575030807,"{""type"":""MultiPoint"",""coordinates"":[]}"
6_00000000000000000028,San Marino,F,SM,San Marino,F,F,SM,SMR,San Marino,Saint-Marin,San Marino,UN Member State,7,0.700314314,"{""type"":""MultiPoint"",""coordinates"":[]}"
2_0000000000000000000e,Gibraltar,F,GI,Gibraltar,F,F,GI,GIB,Gibraltar,Gibraltar,Gibraltar,UK Non-Self-Governing Territory,3,0.805883313,"{""type"":""MultiPoint"",""coordinates"":[]}"
1_0000000000000000000e,Gibraltar,F,GI,Gibraltar,F,F,GI,GIB,Gibraltar,Gibraltar,Gibraltar,UK Non-Self-Governing Territory,2,0.843763845,"{""type"":""MultiPoint"",""coordinates"":[]}"
5_00000000000000000028,San Marino,F,SM,San Marino,F,F,SM,SMR,San Marino,Saint-Marin,San Marino,UN Member State,6,1.163450231,"{""type"":""MultiPoint"",""coordinates"":[]}"
6_0000000000000000000e,Gibraltar,F,GI,Gibraltar,F,F,GI,GIB,Gibraltar,Gibraltar,Gibraltar,UK Non-Self-Governing Territory,7,1.207380565,"{""type"":""MultiPoint"",""coordinates"":[]}"
0_0000000000000000000e,Gibraltar,F,GI,Gibraltar,F,F,GI,GIB,Gibraltar,Gibraltar,Gibraltar,UK Non-Self-Governing Territory,1,1.371810293,"{""type"":""MultiPoint"",""coordinates"":[]}"
7_00000000000000000000,Andorra la Vella,F,AD,Andorra,F,F,AD,AND,Andorra,Andorre,Andorra,UN Member State,8,2.945815875,"{""type"":""MultiPoint"",""coordinates"":[]}"
2_00000000000000000017,Vaduz,F,LI,Liechtenstein,T,F,LI,LIE,Liechtenstein,Liechtenstein,Liechtenstein,UN Member State,3,3.370377794,"{""type"":""MultiPoint"",""coordinates"":[]}"
3_00000000000000000000,Andorra la Vella,F,AD,Andorra,F,F,AD,AND,Andorra,Andorre,Andorra,UN Member State,4,4.383128515,"{""type"":""MultiPoint"",""coordinates"":[]}"
0_00000000000000000028,San Marino,F,SM,San Marino,F,F,SM,SMR,San Marino,Saint-Marin,San Marino,UN Member State,1,7.609838023,"{""type"":""MultiPoint"",""coordinates"":[]}"
5_00000000000000000000,Andorra la Vella,F,AD,Andorra,F,F,AD,AND,Andorra,Andorre,Andorra,UN Member State,6,8.226086153,"{""type"":""MultiPoint"",""coordinates"":[]}"
6_00000000000000000014,Douglas,F,IM,Isle of Man-Ellan Vannin,F,F,IM,IMN,Isle of Man,Île de Man,Insel Man,UK territory,7,10.39747027,"{""type"":""MultiPoint"",""coordinates"":[]}"
1_00000000000000000017,Vaduz,F,LI,Liechtenstein,T,F,LI,LIE,Liechtenstein,Liechtenstein,Liechtenstein,UN Member State,2,13.03628729,"{""type"":""MultiPoint"",""coordinates"":[]}"
3_0000000000000000002a,Ankara,T,TR,Türkiye,F,F,TR,TUR,Türkiye,Turquie,Türkei,UN Member State,4,13.60242076,"{""type"":""MultiPoint"",""coordinates"":[]}"
3_00000000000000000028,San Marino,F,SM,San Marino,F,F,SM,SMR,San Marino,Saint-Marin,San Marino,UN Member State,4,15.47328935,"{""type"":""MultiPoint"",""coordinates"":[]}"
1_00000000000000000028,San Marino,F,SM,San Marino,F,F,SM,SMR,San Marino,Saint-Marin,San Marino,UN Member State,2,16.23737619,"{""type"":""MultiPoint"",""coordinates"":[]}"
2_00000000000000000028,San Marino,F,SM,San Marino,F,F,SM,SMR,San Marino,Saint-Marin,San Marino,UN Member State,3,16.85044525,"{""type"":""MultiPoint"",""coordinates"":[]}"
7_00000000000000000017,Vaduz,F,LI,Liechtenstein,T,F,LI,LIE,Liechtenstein,Liechtenstein,Liechtenstein,UN Member State,8,17.16364514,"{""type"":""MultiPoint"",""coordinates"":[]}"
4_00000000000000000014,Douglas,F,IM,Isle of Man-Ellan Vannin,F,F,IM,IMN,Isle of Man,Île de Man,Insel Man,UK territory,5,18.253661,"{""type"":""MultiPoint"",""coordinates"":[]}"
1_00000000000000000000,Andorra la Vella,F,AD,Andorra,F,F,AD,AND,Andorra,Andorre,Andorra,UN Member State,2,18.28696721,"{""type"":""MultiPoint"",""coordinates"":[]}"
2_00000000000000000014,Douglas,F,IM,Isle of Man-Ellan Vannin,F,F,IM,IMN,Isle of Man,Île de Man,Insel Man,UK territory,3,19.23917354,"{""type"":""MultiPoint"",""coordinates"":[]}"
2_0000000000000000002a,Ankara,T,TR,Türkiye,F,F,TR,TUR,Türkiye,Turquie,Türkei,UN Member State,3,19.49315644,"{""type"":""MultiPoint"",""coordinates"":[]}"
6_00000000000000000017,Vaduz,F,LI,Liechtenstein,T,F,LI,LIE,Liechtenstein,Liechtenstein,Liechtenstein,UN Member State,7,23.90873998,"{""type"":""MultiPoint"",""coordinates"":[]}"
5_0000000000000000002a,Ankara,T,TR,Türkiye,F,F,TR,TUR,Türkiye,Turquie,Türkei,UN Member State,6,24.57153054,"{""type"":""MultiPoint"",""coordinates"":[]}"
4_00000000000000000017,Vaduz,F,LI,Liechtenstein,T,F,LI,LIE,Liechtenstein,Liechtenstein,Liechtenstein,UN Member State,5,26.26283948,"{""type"":""MultiPoint"",""coordinates"":[]}"
6_00000000000000000000,Andorra la Vella,F,AD,Andorra,F,F,AD,AND,Andorra,Andorre,Andorra,UN Member State,7,26.93270406,"{""type"":""MultiPoint"",""coordinates"":[]}"
1_0000000000000000002a,Ankara,T,TR,Türkiye,F,F,TR,TUR,Türkiye,Turquie,Türkei,UN Member State,2,28.10861662,"{""type"":""MultiPoint"",""coordinates"":[]}"
0_0000000000000000002a,Ankara,T,TR,Türkiye,F,F,TR,TUR,Türkiye,Turquie,Türkei,UN Member State,1,29.20131448,"{""type"":""MultiPoint"",""coordinates"":[]}"
7_0000000000000000002a,Ankara,T,TR,Türkiye,F,F,TR,TUR,Türkiye,Turquie,Türkei,UN Member State,8,34.60137044,"{""type"":""MultiPoint"",""coordinates"":[]}"
5_00000000000000000017,Vaduz,F,LI,Liechtenstein,T,F,LI,LIE,Liechtenstein,Liechtenstein,Liechtenstein,UN Member State,6,37.22968642,"{""type"":""MultiPoint"",""coordinates"":[]}"
0_00000000000000000017,Vaduz,F,LI,Liechtenstein,T,F,LI,LIE,Liechtenstein,Liechtenstein,Liechtenstein,UN Member State,1,38.17338113,"{""type"":""MultiPoint"",""coordinates"":[]}"
2_00000000000000000000,Andorra la Vella,F,AD,Andorra,F,F,AD,AND,Andorra,Andorre,Andorra,UN Member State,3,41.31436696,"{""type"":""MultiPoint"",""coordinates"":[]}"
0_00000000000000000014,Douglas,F,IM,Isle of Man-Ellan Vannin,F,F,IM,IMN,Isle of Man,Île de Man,Insel Man,UK territory,1,41.97150919,"{""type"":""MultiPoint"",""coordinates"":[]}"
7_00000000000000000014,Douglas,F,IM,Isle of Man-Ellan Vannin,F,F,IM,IMN,Isle of Man,Île de Man,Insel Man,UK territory,8,47.90300638,"{""type"":""MultiPoint"",""coordinates"":[]}"
4_00000000000000000000,Andorra la Vella,F,AD,Andorra,F,F,AD,AND,Andorra,Andorre,Andorra,UN Member State,5,52.542588,"{""type"":""MultiPoint"",""coordinates"":[]}"
4_0000000000000000002a,Ankara,T,TR,Türkiye,F,F,TR,TUR,Türkiye,Turquie,Türkei,UN Member State,5,59.17668312,"{""type"":""MultiPoint"",""coordinates"":[]}"
6_0000000000000000002a,Ankara,T,TR,Türkiye,F,F,TR,TUR,Türkiye,Turquie,Türkei,UN Member State,7,69.14617032,"{""type"":""MultiPoint"",""coordinates"":[]}"
3_00000000000000000014,Douglas,F,IM,Isle of Man-Ellan Vannin,F,F,IM,IMN,Isle of Man,Île de Man,Insel Man,UK territory,4,70.51741989,"{""type"":""MultiPoint"",""coordinates"":[]}"
5_00000000000000000014,Douglas,F,IM,Isle of Man-Ellan Vannin,F,F,IM,IMN,Isle of Man,Île de Man,Insel Man,UK territory,6,85.00900367,"{""type"":""MultiPoint"",""coordinates"":[]}"
2_00000000000000000019,Luxembourg,F,LU,Luxemburg-Luxembourg-Lëtzebuerg,F,T,LU,LUX,Luxembourg,Luxembourg,Luxemburg,UN Member State,3,152.4514647,"{""type"":""MultiPoint"",""coordinates"":[]}"
3_00000000000000000019,Luxembourg,F,LU,Luxemburg-Luxembourg-Lëtzebuerg,F,T,LU,LUX,Luxembourg,Luxembourg,Luxemburg,UN Member State,4,183.8949781,"{""type"":""MultiPoint"",""coordinates"":[]}"
1_00000000000000000014,Douglas,F,IM,Isle of Man-Ellan Vannin,F,F,IM,IMN,Isle of Man,Île de Man,Insel Man,UK territory,2,197.6911982,"{""type"":""MultiPoint"",""coordinates"":[]}"
0_00000000000000000000,Andorra la Vella,F,AD,Andorra,F,F,AD,AND,Andorra,Andorre,Andorra,UN Member State,1,232.7664955,"{""type"":""MultiPoint"",""coordinates"":[]}"
5_00000000000000000019,Luxembourg,F,LU,Luxemburg-Luxembourg-Lëtzebuerg,F,T,LU,LUX,Luxembourg,Luxembourg,Luxemburg,UN Member State,6,273.005377,"{""type"":""MultiPoint"",""coordinates"":[]}"
5_0000000000000000001d,Chisinau,T,MD,Moldova,F,F,MD,MDA,Moldova,Moldavie,Moldau,UN Member State,6,277.8249202,"{""type"":""MultiPoint"",""coordinates"":[]}"
0_00000000000000000019,Luxembourg,F,LU,Luxemburg-Luxembourg-Lëtzebuerg,F,T,LU,LUX,Luxembourg,Luxembourg,Luxemburg,UN Member State,1,310.4200542,"{""type"":""MultiPoint"",""coordinates"":[]}"
7_00000000000000000019,Luxembourg,F,LU,Luxemburg-Luxembourg-Lëtzebuerg,F,T,LU,LUX,Luxembourg,Luxembourg,Luxemburg,UN Member State,8,311.2782869,"{""type"":""MultiPoint"",""coordinates"":[]}"
4_0000000000000000001d,Chisinau,T,MD,Moldova,F,F,MD,MDA,Moldova,Moldavie,Moldau,UN Member State,5,318.3656393,"{""type"":""MultiPoint"",""coordinates"":[]}"
4_00000000000000000019,Luxembourg,F,LU,Luxemburg-Luxembourg-Lëtzebuerg,F,T,LU,LUX,Luxembourg,Luxembourg,Luxemburg,UN Member State,5,329.6747698,"{""type"":""MultiPoint"",""coordinates"":[]}"
7_0000000000000000001f,Podgorica,T,ME,Црна Гора,F,F,ME,MNE,Montenegro,Monténégro,Montenegro,UN Member State,8,364.3049098,"{""type"":""MultiPoint"",""coordinates"":[]}"
7_00000000000000000027,Ljubljana,F,SI,Slovinsko,F,T,SI,SVN,Slovenia,Slovénie,Slowenien,UN Member State,8,369.9632514,"{""type"":""MultiPoint"",""coordinates"":[]}"
7_0000000000000000001d,Chisinau,T,MD,Moldova,F,F,MD,MDA,Moldova,Moldavie,Moldau,UN Member State,8,371.6846768,"{""type"":""MultiPoint"",""coordinates"":[]}"
3_00000000000000000027,Ljubljana,F,SI,Slovinsko,F,T,SI,SVN,Slovenia,Slovénie,Slowenien,UN Member State,4,413.937859,"{""type"":""MultiPoint"",""coordinates"":[]}"
6_00000000000000000019,Luxembourg,F,LU,Luxemburg-Luxembourg-Lëtzebuerg,F,T,LU,LUX,Luxembourg,Luxembourg,Luxemburg,UN Member State,7,473.1173541,"{""type"":""MultiPoint"",""coordinates"":[]}"
5_0000000000000000001f,Podgorica,T,ME,Црна Гора,F,F,ME,MNE,Montenegro,Monténégro,Montenegro,UN Member State,6,493.5455479,"{""type"":""MultiPoint"",""coordinates"":[]}"
5_00000000000000000027,Ljubljana,F,SI,Slovinsko,F,T,SI,SVN,Slovenia,Slovénie,Slowenien,UN Member State,6,499.2286432,"{""type"":""MultiPoint"",""coordinates"":[]}"
1_00000000000000000019,Luxembourg,F,LU,Luxemburg-Luxembourg-Lëtzebuerg,F,T,LU,LUX,Luxembourg,Luxembourg,Luxemburg,UN Member State,2,511.6544301,"{""type"":""MultiPoint"",""coordinates"":[]}"
4_0000000000000000001b,Skopje,T,MK,Северна Македонија,F,F,MK,MKD,North Macedonia,Macédoine du Nord,Nordmazedonien,UN Member State,5,665.7780799,"{""type"":""MultiPoint"",""coordinates"":[]}"
3_00000000000000000006,Bern,F,CH,Schweiz-Suisse-Svizzera-Svizra,T,F,CH,CHE,Switzerland,Suisse,Schweiz,UN Member State,4,687.8466136,"{""type"":""MultiPoint"",""coordinates"":[]}"
6_0000000000000000001d,Chisinau,T,MD,Moldova,F,F,MD,MDA,Moldova,Moldavie,Moldau,UN Member State,7,723.3938974,"{""type"":""MultiPoint"",""coordinates"":[]}"
3_0000000000000000001f,Podgorica,T,ME,Црна Гора,F,F,ME,MNE,Montenegro,Monténégro,Montenegro,UN Member State,4,736.3520863,"{""type"":""MultiPoint"",""coordinates"":[]}"
7_00000000000000000003,Sarajevo,F,BA,Bosna I Hercegovina-Bosna I Hercegovina-Босна И Херцеговина,F,F,BA,BIH,Bosnia and Herzegovina,Bosnie-et-Herzégovine,Bosnien und Herzegowina,UN Member State,8,750.0659761,"{""type"":""MultiPoint"",""coordinates"":[]}"
4_00000000000000000013,Dublin,F,IE,Ireland-Éire,F,T,IE,IRL,Ireland,Irlande,Irland,UN Member State,5,752.5461365,"{""type"":""MultiPoint"",""coordinates"":[]}"
4_00000000000000000001,Tirana,T,AL,Shqipëria,F,F,AL,ALB,Albania,Albanie,Albanien,UN Member State,5,771.1204299,"{""type"":""MultiPoint"",""coordinates"":[]}"
6_00000000000000000013,Dublin,F,IE,Ireland-Éire,F,T,IE,IRL,Ireland,Irlande,Irland,UN Member State,7,870.1156699,"{""type"":""MultiPoint"",""coordinates"":[]}"
5_00000000000000000029,Bratislava,F,SK,Slovensko,F,T,SK,SVK,Slovakia,Slovaquie,Slowakei,UN Member State,6,981.6879895,"{""type"":""MultiPoint"",""coordinates"":[]}"
6_00000000000000000001,Tirana,T,AL,Shqipëria,F,F,AL,ALB,Albania,Albanie,Albanien,UN Member State,7,989.0079854,"{""type"":""MultiPoint"",""coordinates"":[]}"
7_00000000000000000029,Bratislava,F,SK,Slovensko,F,T,SK,SVK,Slovakia,Slovaquie,Slowakei,UN Member State,8,1023.97951,"{""type"":""MultiPoint"",""coordinates"":[]}"
5_0000000000000000001b,Skopje,T,MK,Северна Македонија,F,F,MK,MKD,North Macedonia,Macédoine du Nord,Nordmazedonien,UN Member State,6,1043.320674,"{""type"":""MultiPoint"",""coordinates"":[]}"
5_00000000000000000005,Sofia,F,BG,България,F,T,BG,BGR,Bulgaria,Bulgarie,Bulgarien,UN Member State,6,1087.02348,"{""type"":""MultiPoint"",""coordinates"":[]}"
6_0000000000000000001b,Skopje,T,MK,Северна Македонија,F,F,MK,MKD,North Macedonia,Macédoine du Nord,Nordmazedonien,UN Member State,7,1183.150097,"{""type"":""MultiPoint"",""coordinates"":[]}"
5_00000000000000000023,Belgrade,T,RS,Србија,F,F,RS,SRB,Serbia,Serbie,Serbien,UN Member State,6,1186.289247,"{""type"":""MultiPoint"",""coordinates"":[]}"
5_00000000000000000003,Sarajevo,F,BA,Bosna I Hercegovina-Bosna I Hercegovina-Босна И Херцеговина,F,F,BA,BIH,Bosnia and Herzegovina,Bosnie-et-Herzégovine,Bosnien und Herzegowina,UN Member State,6,1188.339573,"{""type"":""MultiPoint"",""coordinates"":[]}"
4_0000000000000000001f,Podgorica,T,ME,Црна Гора,F,F,ME,MNE,Montenegro,Monténégro,Montenegro,UN Member State,5,1220.355847,"{""type"":""MultiPoint"",""coordinates"":[]}"
1_0000000000000000001f,Podgorica,T,ME,Црна Гора,F,F,ME,MNE,Montenegro,Monténégro,Montenegro,UN Member State,2,1239.894124,"{""type"":""MultiPoint"",""coordinates"":[]}"
7_0000000000000000001b,Skopje,T,MK,Северна Македонија,F,F,MK,MKD,North Macedonia,Macédoine du Nord,Nordmazedonien,UN Member State,8,1296.674641,"{""type"":""MultiPoint"",""coordinates"":[]}"
2_0000000000000000001b,Skopje,T,MK,Северна Македонија,F,F,MK,MKD,North Macedonia,Macédoine du Nord,Nordmazedonien,UN Member State,3,1410.141134,"{""type"":""MultiPoint"",""coordinates"":[]}"
5_00000000000000000012,Budapest,F,HU,Magyarország,F,T,HU,HUN,Hungary,Hongrie,Ungarn,UN Member State,6,1417.960424,"{""type"":""MultiPoint"",""coordinates"":[]}"
5_00000000000000000018,Vilnius,F,LT,Lietuva,F,T,LT,LTU,Lithuania,Lituanie,Litauen,UN Member State,6,1425.212949,"{""type"":""MultiPoint"",""coordinates"":[]}"
6_00000000000000000020,Amsterdam,F,NL,Nederland,F,T,NL,NLD,Netherlands,Pays-Bas,Niederlande,UN Member State,7,1430.544039,"{""type"":""MultiPoint"",""coordinates"":[]}"
4_00000000000000000020,Amsterdam,F,NL,Nederland,F,T,NL,NLD,Netherlands,Pays-Bas,Niederlande,UN Member State,5,1483.013889,"{""type"":""MultiPoint"",""coordinates"":[]}"
7_00000000000000000011,Zagreb,F,HR,Hrvatska,F,T,HR,HRV,Croatia,Croatie,Kroatien,UN Member State,8,1532.936693,"{""type"":""MultiPoint"",""coordinates"":[]}"
2_00000000000000000027,Ljubljana,F,SI,Slovinsko,F,T,SI,SVN,Slovenia,Slovénie,Slowenien,UN Member State,3,1536.573509,"{""type"":""MultiPoint"",""coordinates"":[]}"
3_00000000000000000002,Vienna,F,AT,Österreich,F,T,AT,AUT,Austria,Autriche,Österreich,UN Member State,4,1540.393971,"{""type"":""MultiPoint"",""coordinates"":[]}"
5_00000000000000000009,Tallinn,F,EE,Eesti,F,T,EE,EST,Estonia,Estonie,Estland,UN Member State,6,1573.522161,"{""type"":""MultiPoint"",""coordinates"":[]}"
2_00000000000000000001,Tirana,T,AL,Shqipëria,F,F,AL,ALB,Albania,Albanie,Albanien,UN Member State,3,1617.784045,"{""type"":""MultiPoint"",""coordinates"":[]}"
7_00000000000000000005,Sofia,F,BG,България,F,T,BG,BGR,Bulgaria,Bulgarie,Bulgarien,UN Member State,8,1628.522459,"{""type"":""MultiPoint"",""coordinates"":[]}"
6_0000000000000000001f,Podgorica,T,ME,Црна Гора,F,F,ME,MNE,Montenegro,Monténégro,Montenegro,UN Member State,7,1662.65909,"{""type"":""MultiPoint"",""coordinates"":[]}"
1_00000000000000000027,Ljubljana,F,SI,Slovinsko,F,T,SI,SVN,Slovenia,Slovénie,Slowenien,UN Member State,2,1698.788491,"{""type"":""MultiPoint"",""coordinates"":[]}"
0_00000000000000000001,Tirana,T,AL,Shqipëria,F,F,AL,ALB,Albania,Albanie,Albanien,UN Member State,1,1703.390251,"{""type"":""MultiPoint"",""coordinates"":[]}"
5_00000000000000000011,Zagreb,F,HR,Hrvatska,F,T,HR,HRV,Croatia,Croatie,Kroatien,UN Member State,6,1765.398398,"{""type"":""MultiPoint"",""coordinates"":[]}"
4_00000000000000000012,Budapest,F,HU,Magyarország,F,T,HU,HUN,Hungary,Hongrie,Ungarn,UN Member State,5,1783.063975,"{""type"":""MultiPoint"",""coordinates"":[]}"
2_00000000000000000006,Bern,F,CH,Schweiz-Suisse-Svizzera-Svizra,T,F,CH,CHE,Switzerland,Suisse,Schweiz,UN Member State,3,1838.525886,"{""type"":""MultiPoint"",""coordinates"":[]}"
5_00000000000000000022,Bucharest,F,RO,România,F,T,RO,ROU,Romania,Roumanie,Rumänien,UN Member State,6,1875.740014,"{""type"":""MultiPoint"",""coordinates"":[]}"
7_00000000000000000012,Budapest,F,HU,Magyarország,F,T,HU,HUN,Hungary,Hongrie,Ungarn,UN Member State,8,1891.925019,"{""type"":""MultiPoint"",""coordinates"":[]}"
7_00000000000000000023,Belgrade,T,RS,Србија,F,F,RS,SRB,Serbia,Serbie,Serbien,UN Member State,8,1905.385757,"{""type"":""MultiPoint"",""coordinates"":[]}"
6_0000000000000000000a,Athens,F,EL,Ελλάδα,F,T,EL,GRC,Greece,Grèce,Griechenland,UN Member State,7,1909.78581,"{""type"":""MultiPoint"",""coordinates"":[]}"
7_00000000000000000018,Vilnius,F,LT,Lietuva,F,T,LT,LTU,Lithuania,Lituanie,Litauen,UN Member State,8,1910.226048,"{""type"":""MultiPoint"",""coordinates"":[]}"
4_00000000000000000023,Belgrade,T,RS,Србија,F,F,RS,SRB,Serbia,Serbie,Serbien,UN Member State,5,1911.684274,"{""type"":""MultiPoint"",""coordinates"":[]}"
4_00000000000000000005,Sofia,F,BG,България,F,T,BG,BGR,Bulgaria,Bulgarie,Bulgarien,UN Member State,5,1914.085361,"{""type"":""MultiPoint"",""coordinates"":[]}"
2_0000000000000000001f,Podgorica,T,ME,Црна Гора,F,F,ME,MNE,Montenegro,Monténégro,Montenegro,UN Member State,3,1945.580803,"{""type"":""MultiPoint"",""coordinates"":[]}"
3_0000000000000000001d,Chisinau,T,MD,Moldova,F,F,MD,MDA,Moldova,Moldavie,Moldau,UN Member State,4,1964.294667,"{""type"":""MultiPoint"",""coordinates"":[]}"
3_00000000000000000009,Tallinn,F,EE,Eesti,F,T,EE,EST,Estonia,Estonie,Estland,UN Member State,4,1979.687449,"{""type"":""MultiPoint"",""coordinates"":[]}"
5_00000000000000000001,Tirana,T,AL,Shqipëria,F,F,AL,ALB,Albania,Albanie,Albanien,UN Member State,6,2008.707167,"{""type"":""MultiPoint"",""coordinates"":[]}"
4_00000000000000000029,Bratislava,F,SK,Slovensko,F,T,SK,SVK,Slovakia,Slovaquie,Slowakei,UN Member State,5,2021.543663,"{""type"":""MultiPoint"",""coordinates"":[]}"
0_0000000000000000001b,Skopje,T,MK,Северна Македонија,F,F,MK,MKD,North Macedonia,Macédoine du Nord,Nordmazedonien,UN Member State,1,2033.103146,"{""type"":""MultiPoint"",""coordinates"":[]}"
7_00000000000000000020,Amsterdam,F,NL,Nederland,F,T,NL,NLD,Netherlands,Pays-Bas,Niederlande,UN Member State,8,2035.546705,"{""type"":""MultiPoint"",""coordinates"":[]}"
7_00000000000000000022,Bucharest,F,RO,România,F,T,RO,ROU,Romania,Roumanie,Rumänien,UN Member State,8,2156.997779,"{""type"":""MultiPoint"",""coordinates"":[]}"
7_00000000000000000006,Bern,F,CH,Schweiz-Suisse-Svizzera-Svizra,T,F,CH,CHE,Switzerland,Suisse,Schweiz,UN Member State,8,2230.576183,"{""type"":""MultiPoint"",""coordinates"":[]}"
4_00000000000000000011,Zagreb,F,HR,Hrvatska,F,T,HR,HRV,Croatia,Croatie,Kroatien,UN Member State,5,2242.013914,"{""type"":""MultiPoint"",""coordinates"":[]}"
7_00000000000000000001,Tirana,T,AL,Shqipëria,F,F,AL,ALB,Albania,Albanie,Albanien,UN Member State,8,2401.596493,"{""type"":""MultiPoint"",""coordinates"":[]}"
5_0000000000000000001a,Riga,F,LV,Latvija,F,T,LV,LVA,Latvia,Lettonie,Lettland,UN Member State,6,2481.457324,"{""type"":""MultiPoint"",""coordinates"":[]}"
3_00000000000000000004,Brussels,F,BE,Belgien-Belgique-België,F,T,BE,BEL,Belgium,Belgique,Belgien,UN Member State,4,2524.879903,"{""type"":""MultiPoint"",""coordinates"":[]}"
3_00000000000000000003,Sarajevo,F,BA,Bosna I Hercegovina-Bosna I Hercegovina-Босна И Херцеговина,F,F,BA,BIH,Bosnia and Herzegovina,Bosnie-et-Herzégovine,Bosnien und Herzegowina,UN Member State,4,2536.210512,"{""type"":""MultiPoint"",""coordinates"":[]}"
5_0000000000000000000c,Prague,F,CZ,Česká Republika,F,T,CZ,CZE,Czechia,Tchéquie,Tschechien,UN Member State,6,2541.27522,"{""type"":""MultiPoint"",""coordinates"":[]}"
4_00000000000000000003,Sarajevo,F,BA,Bosna I Hercegovina-Bosna I Hercegovina-Босна И Херцеговина,F,F,BA,BIH,Bosnia and Herzegovina,Bosnie-et-Herzégovine,Bosnien und Herzegowina,UN Member State,5,2596.626678,"{""type"":""MultiPoint"",""coordinates"":[]}"
7_00000000000000000002,Vienna,F,AT,Österreich,F,T,AT,AUT,Austria,Autriche,Österreich,UN Member State,8,2634.305377,"{""type"":""MultiPoint"",""coordinates"":[]}"
5_00000000000000000020,Amsterdam,F,NL,Nederland,F,T,NL,NLD,Netherlands,Pays-Bas,Niederlande,UN Member State,6,2677.024913,"{""type"":""MultiPoint"",""coordinates"":[]}"
3_00000000000000000029,Bratislava,F,SK,Slovensko,F,T,SK,SVK,Slovakia,Slovaquie,Slowakei,UN Member State,4,2816.798501,"{""type"":""MultiPoint"",""coordinates"":[]}"
4_00000000000000000004,Brussels,F,BE,Belgien-Belgique-België,F,T,BE,BEL,Belgium,Belgique,Belgien,UN Member State,5,2867.047638,"{""type"":""MultiPoint"",""coordinates"":[]}"
6_00000000000000000007,Copenhagen,F,DK,Danmark,F,T,DK,DNK,Denmark,Danemark,Dänemark,UN Member State,7,2898.176856,"{""type"":""MultiPoint"",""coordinates"":[]}"
5_00000000000000000002,Vienna,F,AT,Österreich,F,T,AT,AUT,Austria,Autriche,Österreich,UN Member State,6,2926.940751,"{""type"":""MultiPoint"",""coordinates"":[]}"
4_00000000000000000018,Vilnius,F,LT,Lietuva,F,T,LT,LTU,Lithuania,Lituanie,Litauen,UN Member State,5,2929.520124,"{""type"":""MultiPoint"",""coordinates"":[]}"
7_00000000000000000009,Tallinn,F,EE,Eesti,F,T,EE,EST,Estonia,Estonie,Estland,UN Member State,8,2947.835949,"{""type"":""MultiPoint"",""coordinates"":[]}"
4_0000000000000000000a,Athens,F,EL,Ελλάδα,F,T,EL,GRC,Greece,Grèce,Griechenland,UN Member State,5,3056.301649,"{""type"":""MultiPoint"",""coordinates"":[]}"
1_0000000000000000001d,Chisinau,T,MD,Moldova,F,F,MD,MDA,Moldova,Moldavie,Moldau,UN Member State,2,3065.651694,"{""type"":""MultiPoint"",""coordinates"":[]}"
2_00000000000000000009,Tallinn,F,EE,Eesti,F,T,EE,EST,Estonia,Estonie,Estland,UN Member State,3,3138.851574,"{""type"":""MultiPoint"",""coordinates"":[]}"
3_0000000000000000001b,Skopje,T,MK,Северна Македонија,F,F,MK,MKD,North Macedonia,Macédoine du Nord,Nordmazedonien,UN Member State,4,3174.899563,"{""type"":""MultiPoint"",""coordinates"":[]}"
4_00000000000000000009,Tallinn,F,EE,Eesti,F,T,EE,EST,Estonia,Estonie,Estland,UN Member State,5,3206.301817,"{""type"":""MultiPoint"",""coordinates"":[]}"
6_00000000000000000003,Sarajevo,F,BA,Bosna I Hercegovina-Bosna I Hercegovina-Босна И Херцеговина,F,F,BA,BIH,Bosnia and Herzegovina,Bosnie-et-Herzégovine,Bosnien und Herzegowina,UN Member State,7,3217.188236,"{""type"":""MultiPoint"",""coordinates"":[]}"
5_00000000000000000004,Brussels,F,BE,Belgien-Belgique-België,F,T,BE,BEL,Belgium,Belgique,Belgien,UN Member State,6,3220.566085,"{""type"":""MultiPoint"",""coordinates"":[]}"
7_00000000000000000007,Copenhagen,F,DK,Danmark,F,T,DK,DNK,Denmark,Danemark,Dänemark,UN Member State,8,3347.014854,"{""type"":""MultiPoint"",""coordinates"":[]}"
7_00000000000000000004,Brussels,F,BE,Belgien-Belgique-België,F,T,BE,BEL,Belgium,Belgique,Belgien,UN Member State,8,3384.824253,"{""type"":""MultiPoint"",""coordinates"":[]}"
4_00000000000000000007,Copenhagen,F,DK,Danmark,F,T,DK,DNK,Denmark,Danemark,Dänemark,UN Member State,5,3394.113488,"{""type"":""MultiPoint"",""coordinates"":[]}"
4_00000000000000000027,Ljubljana,F,SI,Slovinsko,F,T,SI,SVN,Slovenia,Slovénie,Slowenien,UN Member State,5,3412.13243,"{""type"":""MultiPoint"",""coordinates"":[]}"
0_00000000000000000020,Amsterdam,F,NL,Nederland,F,T,NL,NLD,Netherlands,Pays-Bas,Niederlande,UN Member State,1,3442.806027,"{""type"":""MultiPoint"",""coordinates"":[]}"
0_0000000000000000001d,Chisinau,T,MD,Moldova,F,F,MD,MDA,Moldova,Moldavie,Moldau,UN Member State,1,3524.483603,"{""type"":""MultiPoint"",""coordinates"":[]}"
6_00000000000000000025,Lisbon,F,PT,Portugal,F,T,PT,PRT,Portugal,Portugal,Portugal,UN Member State,7,3557.426423,"{""type"":""MultiPoint"",""coordinates"":[]}"
4_0000000000000000001a,Riga,F,LV,Latvija,F,T,LV,LVA,Latvia,Lettonie,Lettland,UN Member State,5,3584.972644,"{""type"":""MultiPoint"",""coordinates"":[]}"
1_00000000000000000006,Bern,F,CH,Schweiz-Suisse-Svizzera-Svizra,T,F,CH,CHE,Switzerland,Suisse,Schweiz,UN Member State,2,3587.428378,"{""type"":""MultiPoint"",""coordinates"":[]}"
6_00000000000000000004,Brussels,F,BE,Belgien-Belgique-België,F,T,BE,BEL,Belgium,Belgique,Belgien,UN Member State,7,3635.92321,"{""type"":""MultiPoint"",""coordinates"":[]}"
6_00000000000000000023,Belgrade,T,RS,Србија,F,F,RS,SRB,Serbia,Serbie,Serbien,UN Member State,7,3724.494166,"{""type"":""MultiPoint"",""coordinates"":[]}"
5_00000000000000000006,Bern,F,CH,Schweiz-Suisse-Svizzera-Svizra,T,F,CH,CHE,Switzerland,Suisse,Schweiz,UN Member State,6,3831.264406,"{""type"":""MultiPoint"",""coordinates"":[]}"
7_0000000000000000000c,Prague,F,CZ,Česká Republika,F,T,CZ,CZE,Czechia,Tchéquie,Tschechien,UN Member State,8,3940.813827,"{""type"":""MultiPoint"",""coordinates"":[]}"
4_00000000000000000025,Lisbon,F,PT,Portugal,F,T,PT,PRT,Portugal,Portugal,Portugal,UN Member State,5,3980.216763,"{""type"":""MultiPoint"",""coordinates"":[]}"
0_00000000000000000004,Brussels,F,BE,Belgien-Belgique-België,F,T,BE,BEL,Belgium,Belgique,Belgien,UN Member State,1,4102.031359,"{""type"":""MultiPoint"",""coordinates"":[]}"
0_00000000000000000027,Ljubljana,F,SI,Slovinsko,F,T,SI,SVN,Slovenia,Slovénie,Slowenien,UN Member State,1,4143.056691,"{""type"":""MultiPoint"",""coordinates"":[]}"
6_00000000000000000005,Sofia,F,BG,България,F,T,BG,BGR,Bulgaria,Bulgarie,Bulgarien,UN Member State,7,4279.459199,"{""type"":""MultiPoint"",""coordinates"":[]}"
0_0000000000000000001f,Podgorica,T,ME,Црна Гора,F,F,ME,MNE,Montenegro,Monténégro,Montenegro,UN Member State,1,4307.189373,"{""type"":""MultiPoint"",""coordinates"":[]}"
3_00000000000000000011,Zagreb,F,HR,Hrvatska,F,T,HR,HRV,Croatia,Croatie,Kroatien,UN Member State,4,4315.879773,"{""type"":""MultiPoint"",""coordinates"":[]}"
1_0000000000000000001b,Skopje,T,MK,Северна Македонија,F,F,MK,MKD,North Macedonia,Macédoine du Nord,Nordmazedonien,UN Member State,2,4348.071395,"{""type"":""MultiPoint"",""coordinates"":[]}"
2_0000000000000000001d,Chisinau,T,MD,Moldova,F,F,MD,MDA,Moldova,Moldavie,Moldau,UN Member State,3,4359.685118,"{""type"":""MultiPoint"",""coordinates"":[]}"
3_0000000000000000000c,Prague,F,CZ,Česká Republika,F,T,CZ,CZE,Czechia,Tchéquie,Tschechien,UN Member State,4,4375.700427,"{""type"":""MultiPoint"",""coordinates"":[]}"
0_00000000000000000009,Tallinn,F,EE,Eesti,F,T,EE,EST,Estonia,Estonie,Estland,UN Member State,1,4407.77653,"{""type"":""MultiPoint"",""coordinates"":[]}"
1_00000000000000000002,Vienna,F,AT,Österreich,F,T,AT,AUT,Austria,Autriche,Österreich,UN Member State,2,4410.674065,"{""type"":""MultiPoint"",""coordinates"":[]}"
7_00000000000000000013,Dublin,F,IE,Ireland-Éire,F,T,IE,IRL,Ireland,Irlande,Irland,UN Member State,8,4459.368069,"{""type"":""MultiPoint"",""coordinates"":[]}"
2_00000000000000000004,Brussels,F,BE,Belgien-Belgique-België,F,T,BE,BEL,Belgium,Belgique,Belgien,UN Member State,3,4500.996137,"{""type"":""MultiPoint"",""coordinates"":[]}"
4_0000000000000000002b,London,F,UK,United Kingdom,F,F,UK,GBR,United Kingdom,Royaume-Uni,Vereinigtes Königreich,UN Member State,5,4514.230042,"{""type"":""MultiPoint"",""coordinates"":[]}"
4_00000000000000000022,Bucharest,F,RO,România,F,T,RO,ROU,Romania,Roumanie,Rumänien,UN Member State,5,4587.411498,"{""type"":""MultiPoint"",""coordinates"":[]}"
3_00000000000000000023,Belgrade,T,RS,Србија,F,F,RS,SRB,Serbia,Serbie,Serbien,UN Member State,4,4610.511742,"{""type"":""MultiPoint"",""coordinates"":[]}"
5_00000000000000000007,Copenhagen,F,DK,Danmark,F,T,DK,DNK,Denmark,Danemark,Dänemark,UN Member State,6,4624.825432,"{""type"":""MultiPoint"",""coordinates"":[]}"
0_00000000000000000025,Lisbon,F,PT,Portugal,F,T,PT,PRT,Portugal,Portugal,Portugal,UN Member State,1,4694.609759,"{""type"":""MultiPoint"",""coordinates"":[]}"
1_00000000000000000004,Brussels,F,BE,Belgien-Belgique-België,F,T,BE,BEL,Belgium,Belgique,Belgien,UN Member State,2,4738.075014,"{""type"":""MultiPoint"",""coordinates"":[]}"
2_00000000000000000020,Amsterdam,F,NL,Nederland,F,T,NL,NLD,Netherlands,Pays-Bas,Niederlande,UN Member State,3,4814.839103,"{""type"":""MultiPoint"",""coordinates"":[]}"
2_00000000000000000025,Lisbon,F,PT,Portugal,F,T,PT,PRT,Portugal,Portugal,Portugal,UN Member State,3,4817.958188,"{""type"":""MultiPoint"",""coordinates"":[]}"
6_00000000000000000012,Budapest,F,HU,Magyarország,F,T,HU,HUN,Hungary,Hongrie,Ungarn,UN Member State,7,4878.734556,"{""type"":""MultiPoint"",""coordinates"":[]}"
7_0000000000000000000a,Athens,F,EL,Ελλάδα,F,T,EL,GRC,Greece,Grèce,Griechenland,UN Member State,8,4884.92961,"{""type"":""MultiPoint"",""coordinates"":[]}"
6_00000000000000000011,Zagreb,F,HR,Hrvatska,F,T,HR,HRV,Croatia,Croatie,Kroatien,UN Member State,7,4950.253734,"{""type"":""MultiPoint"",""coordinates"":[]}"
3_00000000000000000018,Vilnius,F,LT,Lietuva,F,T,LT,LTU,Lithuania,Lituanie,Litauen,UN Member State,4,4990.244292,"{""type"":""MultiPoint"",""coordinates"":[]}"
2_0000000000000000001a,Riga,F,LV,Latvija,F,T,LV,LVA,Latvia,Lettonie,Lettland,UN Member State,3,5003.498618,"{""type"":""MultiPoint"",""coordinates"":[]}"
3_00000000000000000001,Tirana,T,AL,Shqipëria,F,F,AL,ALB,Albania,Albanie,Albanien,UN Member State,4,5173.279884,"{""type"":""MultiPoint"",""coordinates"":[]}"
1_00000000000000000001,Tirana,T,AL,Shqipëria,F,F,AL,ALB,Albania,Albanie,Albanien,UN Member State,2,5218.393444,"{""type"":""MultiPoint"",""coordinates"":[]}"
1_00000000000000000009,Tallinn,F,EE,Eesti,F,T,EE,EST,Estonia,Estonie,Estland,UN Member State,2,5238.030496,"{""type"":""MultiPoint"",""coordinates"":[]}"
2_00000000000000000002,Vienna,F,AT,Österreich,F,T,AT,AUT,Austria,Autriche,Österreich,UN Member State,3,5263.517544,"{""type"":""MultiPoint"",""coordinates"":[]}"
3_0000000000000000001a,Riga,F,LV,Latvija,F,T,LV,LVA,Latvia,Lettonie,Lettland,UN Member State,4,5455.134738,"{""type"":""MultiPoint"",""coordinates"":[]}"
2_00000000000000000003,Sarajevo,F,BA,Bosna I Hercegovina-Bosna I Hercegovina-Босна И Херцеговина,F,F,BA,BIH,Bosnia and Herzegovina,Bosnie-et-Herzégovine,Bosnien und Herzegowina,UN Member State,3,5536.291847,"{""type"":""MultiPoint"",""coordinates"":[]}"
3_00000000000000000007,Copenhagen,F,DK,Danmark,F,T,DK,DNK,Denmark,Danemark,Dänemark,UN Member State,4,5536.650872,"{""type"":""MultiPoint"",""coordinates"":[]}"
2_00000000000000000029,Bratislava,F,SK,Slovensko,F,T,SK,SVK,Slovakia,Slovaquie,Slowakei,UN Member State,3,5588.700773,"{""type"":""MultiPoint"",""coordinates"":[]}"
4_0000000000000000000c,Prague,F,CZ,Česká Republika,F,T,CZ,CZE,Czechia,Tchéquie,Tschechien,UN Member State,5,5602.959597,"{""type"":""MultiPoint"",""coordinates"":[]}"
0_0000000000000000001a,Riga,F,LV,Latvija,F,T,LV,LVA,Latvia,Lettonie,Lettland,UN Member State,1,5616.833051,"{""type"":""MultiPoint"",""coordinates"":[]}"
5_00000000000000000013,Dublin,F,IE,Ireland-Éire,F,T,IE,IRL,Ireland,Irlande,Irland,UN Member State,6,5618.893133,"{""type"":""MultiPoint"",""coordinates"":[]}"
3_00000000000000000020,Amsterdam,F,NL,Nederland,F,T,NL,NLD,Netherlands,Pays-Bas,Niederlande,UN Member State,4,5690.95684,"{""type"":""MultiPoint"",""coordinates"":[]}"
7_0000000000000000001a,Riga,F,LV,Latvija,F,T,LV,LVA,Latvia,Lettonie,Lettland,UN Member State,8,5781.130972,"{""type"":""MultiPoint"",""coordinates"":[]}"
2_00000000000000000021,Oslo,F,NO,Norga-Noreg-Norge,T,F,NO,NOR,Norway,Norvège,Norwegen,UN Member State,3,6022.344412,"{""type"":""MultiPoint"",""coordinates"":[]}"
0_00000000000000000013,Dublin,F,IE,Ireland-Éire,F,T,IE,IRL,Ireland,Irlande,Irland,UN Member State,1,6110.593395,"{""type"":""MultiPoint"",""coordinates"":[]}"
2_0000000000000000000a,Athens,F,EL,Ελλάδα,F,T,EL,GRC,Greece,Grèce,Griechenland,UN Member State,3,6137.238673,"{""type"":""MultiPoint"",""coordinates"":[]}"
2_00000000000000000011,Zagreb,F,HR,Hrvatska,F,T,HR,HRV,Croatia,Croatie,Kroatien,UN Member State,3,6466.249153,"{""type"":""MultiPoint"",""coordinates"":[]}"
6_00000000000000000027,Ljubljana,F,SI,Slovinsko,F,T,SI,SVN,Slovenia,Slovénie,Slowenien,UN Member State,7,6505.54291,"{""type"":""MultiPoint"",""coordinates"":[]}"
1_00000000000000000007,Copenhagen,F,DK,Danmark,F,T,DK,DNK,Denmark,Danemark,Dänemark,UN Member State,2,6594.872695,"{""type"":""MultiPoint"",""coordinates"":[]}"
0_00000000000000000007,Copenhagen,F,DK,Danmark,F,T,DK,DNK,Denmark,Danemark,Dänemark,UN Member State,1,6622.503826,"{""type"":""MultiPoint"",""coordinates"":[]}"
3_00000000000000000005,Sofia,F,BG,България,F,T,BG,BGR,Bulgaria,Bulgarie,Bulgarien,UN Member State,4,6667.478294,"{""type"":""MultiPoint"",""coordinates"":[]}"
4_00000000000000000006,Bern,F,CH,Schweiz-Suisse-Svizzera-Svizra,T,F,CH,CHE,Switzerland,Suisse,Schweiz,UN Member State,5,6689.717792,"{""type"":""MultiPoint"",""coordinates"":[]}"
6_0000000000000000002b,London,F,UK,United Kingdom,F,F,UK,GBR,United Kingdom,Royaume-Uni,Vereinigtes Königreich,UN Member State,7,6814.867009,"{""type"":""MultiPoint"",""coordinates"":[]}"
1_00000000000000000020,Amsterdam,F,NL,Nederland,F,T,NL,NLD,Netherlands,Pays-Bas,Niederlande,UN Member State,2,6954.809211,"{""type"":""MultiPoint"",""coordinates"":[]}"
2_00000000000000000013,Dublin,F,IE,Ireland-Éire,F,T,IE,IRL,Ireland,Irlande,Irland,UN Member State,3,7002.331678,"{""type"":""MultiPoint"",""coordinates"":[]}"
2_00000000000000000007,Copenhagen,F,DK,Danmark,F,T,DK,DNK,Denmark,Danemark,Dänemark,UN Member State,3,7097.554478,"{""type"":""MultiPoint"",""coordinates"":[]}"
0_00000000000000000006,Bern,F,CH,Schweiz-Suisse-Svizzera-Svizra,T,F,CH,CHE,Switzerland,Suisse,Schweiz,UN Member State,1,7189.188108,"{""type"":""MultiPoint"",""coordinates"":[]}"
3_00000000000000000025,Lisbon,F,PT,Portugal,F,T,PT,PRT,Portugal,Portugal,Portugal,UN Member State,4,7232.123744,"{""type"":""MultiPoint"",""coordinates"":[]}"
5_0000000000000000000a,Athens,F,EL,Ελλάδα,F,T,EL,GRC,Greece,Grèce,Griechenland,UN Member State,6,7493.606943,"{""type"":""MultiPoint"",""coordinates"":[]}"
6_00000000000000000006,Bern,F,CH,Schweiz-Suisse-Svizzera-Svizra,T,F,CH,CHE,Switzerland,Suisse,Schweiz,UN Member State,7,7582.035662,"{""type"":""MultiPoint"",""coordinates"":[]}"
5_00000000000000000025,Lisbon,F,PT,Portugal,F,T,PT,PRT,Portugal,Portugal,Portugal,UN Member State,6,7625.453275,"{""type"":""MultiPoint"",""coordinates"":[]}"
3_00000000000000000012,Budapest,F,HU,Magyarország,F,T,HU,HUN,Hungary,Hongrie,Ungarn,UN Member State,4,7760.79639,"{""type"":""MultiPoint"",""coordinates"":[]}"
2_00000000000000000010,Helsinki,F,FI,Suomi-Finland,F,T,FI,FIN,Finland,Finlande,Finnland,UN Member State,3,8080.5111,"{""type"":""MultiPoint"",""coordinates"":[]}"
0_0000000000000000000a,Athens,F,EL,Ελλάδα,F,T,EL,GRC,Greece,Grèce,Griechenland,UN Member State,1,8184.584885,"{""type"":""MultiPoint"",""coordinates"":[]}"
2_00000000000000000018,Vilnius,F,LT,Lietuva,F,T,LT,LTU,Lithuania,Lituanie,Litauen,UN Member State,3,8213.0392,"{""type"":""MultiPoint"",""coordinates"":[]}"
6_00000000000000000029,Bratislava,F,SK,Slovensko,F,T,SK,SVK,Slovakia,Slovaquie,Slowakei,UN Member State,7,8298.305112,"{""type"":""MultiPoint"",""coordinates"":[]}"
0_00000000000000000011,Zagreb,F,HR,Hrvatska,F,T,HR,HRV,Croatia,Croatie,Kroatien,UN Member State,1,8466.967523,"{""type"":""MultiPoint"",""coordinates"":[]}"
7_00000000000000000025,Lisbon,F,PT,Portugal,F,T,PT,PRT,Portugal,Portugal,Portugal,UN Member State,8,8812.41896,"{""type"":""MultiPoint"",""coordinates"":[]}"
0_00000000000000000029,Bratislava,F,SK,Slovensko,F,T,SK,SVK,Slovakia,Slovaquie,Slowakei,UN Member State,1,8923.470386,"{""type"":""MultiPoint"",""coordinates"":[]}"
1_00000000000000000029,Bratislava,F,SK,Slovensko,F,T,SK,SVK,Slovakia,Slovaquie,Slowakei,UN Member State,2,9145.819035,"{""type"":""MultiPoint"",""coordinates"":[]}"
0_00000000000000000018,Vilnius,F,LT,Lietuva,F,T,LT,LTU,Lithuania,Lituanie,Litauen,UN Member State,1,9352.33854,"{""type"":""MultiPoint"",""coordinates"":[]}"
1_0000000000000000000c,Prague,F,CZ,Česká Republika,F,T,CZ,CZE,Czechia,Tchéquie,Tschechien,UN Member State,2,9360.939858,"{""type"":""MultiPoint"",""coordinates"":[]}"
3_00000000000000000022,Bucharest,F,RO,România,F,T,RO,ROU,Romania,Roumanie,Rumänien,UN Member State,4,9488.089314,"{""type"":""MultiPoint"",""coordinates"":[]}"
3_00000000000000000010,Helsinki,F,FI,Suomi-Finland,F,T,FI,FIN,Finland,Finlande,Finnland,UN Member State,4,9509.381139,"{""type"":""MultiPoint"",""coordinates"":[]}"
1_00000000000000000025,Lisbon,F,PT,Portugal,F,T,PT,PRT,Portugal,Portugal,Portugal,UN Member State,2,9534.923804,"{""type"":""MultiPoint"",""coordinates"":[]}"
2_0000000000000000000c,Prague,F,CZ,Česká Republika,F,T,CZ,CZE,Czechia,Tchéquie,Tschechien,UN Member State,3,9633.984623,"{""type"":""MultiPoint"",""coordinates"":[]}"
1_00000000000000000003,Sarajevo,F,BA,Bosna I Hercegovina-Bosna I Hercegovina-Босна И Херцеговина,F,F,BA,BIH,Bosnia and Herzegovina,Bosnie-et-Herzégovine,Bosnien und Herzegowina,UN Member State,2,9740.647263,"{""type"":""MultiPoint"",""coordinates"":[]}"
3_00000000000000000021,Oslo,F,NO,Norga-Noreg-Norge,T,F,NO,NOR,Norway,Norvège,Norwegen,UN Member State,4,9959.930929,"{""type"":""MultiPoint"",""coordinates"":[]}"
2_00000000000000000026,Stockholm,F,SE,Sverige,F,T,SE,SWE,Sweden,Suède,Schweden,UN Member State,3,10509.10102,"{""type"":""MultiPoint"",""coordinates"":[]}"
1_00000000000000000011,Zagreb,F,HR,Hrvatska,F,T,HR,HRV,Croatia,Croatie,Kroatien,UN Member State,2,10530.63109,"{""type"":""MultiPoint"",""coordinates"":[]}"
7_00000000000000000024,Warsaw,F,PL,Polska,F,T,PL,POL,Poland,Pologne,Polen,UN Member State,8,10954.45031,"{""type"":""MultiPoint"",""coordinates"":[]}"
1_00000000000000000018,Vilnius,F,LT,Lietuva,F,T,LT,LTU,Lithuania,Lituanie,Litauen,UN Member State,2,11119.77952,"{""type"":""MultiPoint"",""coordinates"":[]}"
6_00000000000000000018,Vilnius,F,LT,Lietuva,F,T,LT,LTU,Lithuania,Lituanie,Litauen,UN Member State,7,11295.1352,"{""type"":""MultiPoint"",""coordinates"":[]}"
2_00000000000000000023,Belgrade,T,RS,Србија,F,F,RS,SRB,Serbia,Serbie,Serbien,UN Member State,3,11501.55221,"{""type"":""MultiPoint"",""coordinates"":[]}"
1_0000000000000000001a,Riga,F,LV,Latvija,F,T,LV,LVA,Latvia,Lettonie,Lettland,UN Member State,2,11710.12625,"{""type"":""MultiPoint"",""coordinates"":[]}"
3_00000000000000000026,Stockholm,F,SE,Sverige,F,T,SE,SWE,Sweden,Suède,Schweden,UN Member State,4,11808.69129,"{""type"":""MultiPoint"",""coordinates"":[]}"
0_00000000000000000012,Budapest,F,HU,Magyarország,F,T,HU,HUN,Hungary,Hongrie,Ungarn,UN Member State,1,11965.38868,"{""type"":""MultiPoint"",""coordinates"":[]}"
0_0000000000000000000c,Prague,F,CZ,Česká Republika,F,T,CZ,CZE,Czechia,Tchéquie,Tschechien,UN Member State,1,12238.36941,"{""type"":""MultiPoint"",""coordinates"":[]}"
5_00000000000000000024,Warsaw,F,PL,Polska,F,T,PL,POL,Poland,Pologne,Polen,UN Member State,6,12423.28921,"{""type"":""MultiPoint"",""coordinates"":[]}"
6_00000000000000000008,Madrid,F,ES,España,F,T,ES,ESP,Spain,Espagne,Spanien,UN Member State,7,12557.29773,"{""type"":""MultiPoint"",""coordinates"":[]}"
3_00000000000000000013,Dublin,F,IE,Ireland-Éire,F,T,IE,IRL,Ireland,Irlande,Irland,UN Member State,4,12573.36143,"{""type"":""MultiPoint"",""coordinates"":[]}"
0_00000000000000000002,Vienna,F,AT,Österreich,F,T,AT,AUT,Austria,Autriche,Österreich,UN Member State,1,12740.34603,"{""type"":""MultiPoint"",""coordinates"":[]}"
4_00000000000000000008,Madrid,F,ES,España,F,T,ES,ESP,Spain,Espagne,Spanien,UN Member State,5,13086.48864,"{""type"":""MultiPoint"",""coordinates"":[]}"
3_0000000000000000000a,Athens,F,EL,Ελλάδα,F,T,EL,GRC,Greece,Grèce,Griechenland,UN Member State,4,13273.33136,"{""type"":""MultiPoint"",""coordinates"":[]}"
4_00000000000000000016,Rome,F,IT,Italia,F,T,IT,ITA,Italy,Italie,Italien,UN Member State,5,13563.90617,"{""type"":""MultiPoint"",""coordinates"":[]}"
6_00000000000000000022,Bucharest,F,RO,România,F,T,RO,ROU,Romania,Roumanie,Rumänien,UN Member State,7,13873.70612,"{""type"":""MultiPoint"",""coordinates"":[]}"
7_00000000000000000021,Oslo,F,NO,Norga-Noreg-Norge,T,F,NO,NOR,Norway,Norvège,Norwegen,UN Member State,8,14150.92335,"{""type"":""MultiPoint"",""coordinates"":[]}"
4_00000000000000000002,Vienna,F,AT,Österreich,F,T,AT,AUT,Austria,Autriche,Österreich,UN Member State,5,14152.05211,"{""type"":""MultiPoint"",""coordinates"":[]}"
1_00000000000000000012,Budapest,F,HU,Magyarország,F,T,HU,HUN,Hungary,Hongrie,Ungarn,UN Member State,2,14501.70523,"{""type"":""MultiPoint"",""coordinates"":[]}"
5_00000000000000000016,Rome,F,IT,Italia,F,T,IT,ITA,Italy,Italie,Italien,UN Member State,6,14592.53224,"{""type"":""MultiPoint"",""coordinates"":[]}"
4_00000000000000000024,Warsaw,F,PL,Polska,F,T,PL,POL,Poland,Pologne,Polen,UN Member State,5,14633.55117,"{""type"":""MultiPoint"",""coordinates"":[]}"
7_0000000000000000002b,London,F,UK,United Kingdom,F,F,UK,GBR,United Kingdom,Royaume-Uni,Vereinigtes Königreich,UN Member State,8,14879.45486,"{""type"":""MultiPoint"",""coordinates"":[]}"
1_00000000000000000023,Belgrade,T,RS,Србија,F,F,RS,SRB,Serbia,Serbie,Serbien,UN Member State,2,15110.34802,"{""type"":""MultiPoint"",""coordinates"":[]}"
7_00000000000000000016,Rome,F,IT,Italia,F,T,IT,ITA,Italy,Italie,Italien,UN Member State,8,15643.22853,"{""type"":""MultiPoint"",""coordinates"":[]}"
1_00000000000000000013,Dublin,F,IE,Ireland-Éire,F,T,IE,IRL,Ireland,Irlande,Irland,UN Member State,2,15652.5752,"{""type"":""MultiPoint"",""coordinates"":[]}"
0_00000000000000000003,Sarajevo,F,BA,Bosna I Hercegovina-Bosna I Hercegovina-Босна И Херцеговина,F,F,BA,BIH,Bosnia and Herzegovina,Bosnie-et-Herzégovine,Bosnien und Herzegowina,UN Member State,1,16159.52821,"{""type"":""MultiPoint"",""coordinates"":[]}"
2_00000000000000000005,Sofia,F,BG,България,F,T,BG,BGR,Bulgaria,Bulgarie,Bulgarien,UN Member State,3,16346.71407,"{""type"":""MultiPoint"",""coordinates"":[]}"
4_00000000000000000021,Oslo,F,NO,Norga-Noreg-Norge,T,F,NO,NOR,Norway,Norvège,Norwegen,UN Member State,5,17411.96767,"{""type"":""MultiPoint"",""coordinates"":[]}"
6_00000000000000000009,Tallinn,F,EE,Eesti,F,T,EE,EST,Estonia,Estonie,Estland,UN Member State,7,18604.97991,"{""type"":""MultiPoint"",""coordinates"":[]}"
0_0000000000000000002b,London,F,UK,United Kingdom,F,F,UK,GBR,United Kingdom,Royaume-Uni,Vereinigtes Königreich,UN Member State,1,18782.55023,"{""type"":""MultiPoint"",""coordinates"":[]}"
2_00000000000000000012,Budapest,F,HU,Magyarország,F,T,HU,HUN,Hungary,Hongrie,Ungarn,UN Member State,3,18856.08411,"{""type"":""MultiPoint"",""coordinates"":[]}"
5_0000000000000000002b,London,F,UK,United Kingdom,F,F,UK,GBR,United Kingdom,Royaume-Uni,Vereinigtes Königreich,UN Member State,6,19244.53945,"{""type"":""MultiPoint"",""coordinates"":[]}"
1_00000000000000000005,Sofia,F,BG,България,F,T,BG,BGR,Bulgaria,Bulgarie,Bulgarien,UN Member State,2,19793.70406,"{""type"":""MultiPoint"",""coordinates"":[]}"
6_00000000000000000016,Rome,F,IT,Italia,F,T,IT,ITA,Italy,Italie,Italien,UN Member State,7,19909.21176,"{""type"":""MultiPoint"",""coordinates"":[]}"
5_00000000000000000008,Madrid,F,ES,España,F,T,ES,ESP,Spain,Espagne,Spanien,UN Member State,6,20343.81044,"{""type"":""MultiPoint"",""coordinates"":[]}"
6_0000000000000000001a,Riga,F,LV,Latvija,F,T,LV,LVA,Latvia,Lettonie,Lettland,UN Member State,7,20837.64198,"{""type"":""MultiPoint"",""coordinates"":[]}"
2_00000000000000000016,Rome,F,IT,Italia,F,T,IT,ITA,Italy,Italie,Italien,UN Member State,3,21285.51389,"{""type"":""MultiPoint"",""coordinates"":[]}"
5_00000000000000000021,Oslo,F,NO,Norga-Noreg-Norge,T,F,NO,NOR,Norway,Norvège,Norwegen,UN Member State,6,21457.48832,"{""type"":""MultiPoint"",""coordinates"":[]}"
1_0000000000000000000a,Athens,F,EL,Ελλάδα,F,T,EL,GRC,Greece,Grèce,Griechenland,UN Member State,2,21484.33836,"{""type"":""MultiPoint"",""coordinates"":[]}"
6_0000000000000000000c,Prague,F,CZ,Česká Republika,F,T,CZ,CZE,Czechia,Tchéquie,Tschechien,UN Member State,7,22707.08024,"{""type"":""MultiPoint"",""coordinates"":[]}"
2_0000000000000000002b,London,F,UK,United Kingdom,F,F,UK,GBR,United Kingdom,Royaume-Uni,Vereinigtes Königreich,UN Member State,3,22839.70848,"{""type"":""MultiPoint"",""coordinates"":[]}"
7_00000000000000000008,Madrid,F,ES,España,F,T,ES,ESP,Spain,Espagne,Spanien,UN Member State,8,22973.14621,"{""type"":""MultiPoint"",""coordinates"":[]}"
0_00000000000000000005,Sofia,F,BG,България,F,T,BG,BGR,Bulgaria,Bulgarie,Bulgarien,UN Member State,1,23080.93088,"{""type"":""MultiPoint"",""coordinates"":[]}"
0_00000000000000000023,Belgrade,T,RS,Србија,F,F,RS,SRB,Serbia,Serbie,Serbien,UN Member State,1,23516.96837,"{""type"":""MultiPoint"",""coordinates"":[]}"
4_00000000000000000010,Helsinki,F,FI,Suomi-Finland,F,T,FI,FIN,Finland,Finlande,Finnland,UN Member State,5,24246.40591,"{""type"":""MultiPoint"",""coordinates"":[]}"
3_00000000000000000008,Madrid,F,ES,España,F,T,ES,ESP,Spain,Espagne,Spanien,UN Member State,4,26307.39653,"{""type"":""MultiPoint"",""coordinates"":[]}"
3_00000000000000000016,Rome,F,IT,Italia,F,T,IT,ITA,Italy,Italie,Italien,UN Member State,4,27777.74463,"{""type"":""MultiPoint"",""coordinates"":[]}"
3_0000000000000000000d,Berlin,F,DE,Deutschland,F,T,DE,DEU,Germany,Allemagne,Deutschland,UN Member State,4,28313.7076,"{""type"":""MultiPoint"",""coordinates"":[]}"
4_0000000000000000000d,Berlin,F,DE,Deutschland,F,T,DE,DEU,Germany,Allemagne,Deutschland,UN Member State,5,28497.8568,"{""type"":""MultiPoint"",""coordinates"":[]}"
6_00000000000000000002,Vienna,F,AT,Österreich,F,T,AT,AUT,Austria,Autriche,Österreich,UN Member State,7,29127.18586,"{""type"":""MultiPoint"",""coordinates"":[]}"
4_00000000000000000026,Stockholm,F,SE,Sverige,F,T,SE,SWE,Sweden,Suède,Schweden,UN Member State,5,29299.6944,"{""type"":""MultiPoint"",""coordinates"":[]}"
3_00000000000000000024,Warsaw,F,PL,Polska,F,T,PL,POL,Poland,Pologne,Polen,UN Member State,4,29481.24186,"{""type"":""MultiPoint"",""coordinates"":[]}"
2_00000000000000000022,Bucharest,F,RO,România,F,T,RO,ROU,Romania,Roumanie,Rumänien,UN Member State,3,29738.72609,"{""type"":""MultiPoint"",""coordinates"":[]}"
4_0000000000000000002d,Paris,F,FR,France,F,T,FR,FRA,France,France,Frankreich,UN Member State,5,30399.56979,"{""type"":""MultiPoint"",""coordinates"":[]}"
1_00000000000000000022,Bucharest,F,RO,România,F,T,RO,ROU,Romania,Roumanie,Rumänien,UN Member State,2,30466.19037,"{""type"":""MultiPoint"",""coordinates"":[]}"
5_00000000000000000010,Helsinki,F,FI,Suomi-Finland,F,T,FI,FIN,Finland,Finlande,Finnland,UN Member State,6,30714.81543,"{""type"":""MultiPoint"",""coordinates"":[]}"
6_00000000000000000021,Oslo,F,NO,Norga-Noreg-Norge,T,F,NO,NOR,Norway,Norvège,Norwegen,UN Member State,7,31231.90727,"{""type"":""MultiPoint"",""coordinates"":[]}"
2_0000000000000000000d,Berlin,F,DE,Deutschland,F,T,DE,DEU,Germany,Allemagne,Deutschland,UN Member State,3,31661.64067,"{""type"":""MultiPoint"",""coordinates"":[]}"
1_00000000000000000021,Oslo,F,NO,Norga-Noreg-Norge,T,F,NO,NOR,Norway,Norvège,Norwegen,UN Member State,2,33365.19269,"{""type"":""MultiPoint"",""coordinates"":[]}"
0_00000000000000000016,Rome,F,IT,Italia,F,T,IT,ITA,Italy,Italie,Italien,UN Member State,1,33420.98518,"{""type"":""MultiPoint"",""coordinates"":[]}"
7_0000000000000000000d,Berlin,F,DE,Deutschland,F,T,DE,DEU,Germany,Allemagne,Deutschland,UN Member State,8,33472.5938,"{""type"":""MultiPoint"",""coordinates"":[]}"
5_0000000000000000000d,Berlin,F,DE,Deutschland,F,T,DE,DEU,Germany,Allemagne,Deutschland,UN Member State,6,33941.76997,"{""type"":""MultiPoint"",""coordinates"":[]}"
6_0000000000000000002d,Paris,F,FR,France,F,T,FR,FRA,France,France,Frankreich,UN Member State,7,35552.33269,"{""type"":""MultiPoint"",""coordinates"":[]}"
5_00000000000000000026,Stockholm,F,SE,Sverige,F,T,SE,SWE,Sweden,Suède,Schweden,UN Member State,6,35766.37462,"{""type"":""MultiPoint"",""coordinates"":[]}"
2_00000000000000000008,Madrid,F,ES,España,F,T,ES,ESP,Spain,Espagne,Spanien,UN Member State,3,36339.69977,"{""type"":""MultiPoint"",""coordinates"":[]}"
0_00000000000000000021,Oslo,F,NO,Norga-Noreg-Norge,T,F,NO,NOR,Norway,Norvège,Norwegen,UN Member State,1,36849.00212,"{""type"":""MultiPoint"",""coordinates"":[]}"
0_00000000000000000022,Bucharest,F,RO,România,F,T,RO,ROU,Romania,Roumanie,Rumänien,UN Member State,1,38768.65092,"{""type"":""MultiPoint"",""coordinates"":[]}"
0_00000000000000000010,Helsinki,F,FI,Suomi-Finland,F,T,FI,FIN,Finland,Finlande,Finnland,UN Member State,1,38838.97597,"{""type"":""MultiPoint"",""coordinates"":[]}"
3_0000000000000000002b,London,F,UK,United Kingdom,F,F,UK,GBR,United Kingdom,Royaume-Uni,Vereinigtes Königreich,UN Member State,4,38842.14522,"{""type"":""MultiPoint"",""coordinates"":[]}"
6_00000000000000000024,Warsaw,F,PL,Polska,F,T,PL,POL,Poland,Pologne,Polen,UN Member State,7,39204.15643,"{""type"":""MultiPoint"",""coordinates"":[]}"
0_0000000000000000000d,Berlin,F,DE,Deutschland,F,T,DE,DEU,Germany,Allemagne,Deutschland,UN Member State,1,39554.90266,"{""type"":""MultiPoint"",""coordinates"":[]}"
2_0000000000000000002d,Paris,F,FR,France,F,T,FR,FRA,France,France,Frankreich,UN Member State,3,43197.68742,"{""type"":""MultiPoint"",""coordinates"":[]}"
0_00000000000000000024,Warsaw,F,PL,Polska,F,T,PL,POL,Poland,Pologne,Polen,UN Member State,1,43470.58954,"{""type"":""MultiPoint"",""coordinates"":[]}"
0_00000000000000000026,Stockholm,F,SE,Sverige,F,T,SE,SWE,Sweden,Suède,Schweden,UN Member State,1,45669.13116,"{""type"":""MultiPoint"",""coordinates"":[]}"
0_00000000000000000008,Madrid,F,ES,España,F,T,ES,ESP,Spain,Espagne,Spanien,UN Member State,1,46022.04567,"{""type"":""MultiPoint"",""coordinates"":[]}"
7_00000000000000000010,Helsinki,F,FI,Suomi-Finland,F,T,FI,FIN,Finland,Finlande,Finnland,UN Member State,8,49482.48429,"{""type"":""MultiPoint"",""coordinates"":[]}"
7_0000000000000000002d,Paris,F,FR,France,F,T,FR,FRA,France,France,Frankreich,UN Member State,8,49621.78845,"{""type"":""MultiPoint"",""coordinates"":[]}"
6_0000000000000000000d,Berlin,F,DE,Deutschland,F,T,DE,DEU,Germany,Allemagne,Deutschland,UN Member State,7,51441.09103,"{""type"":""MultiPoint"",""coordinates"":[]}"
1_00000000000000000024,Warsaw,F,PL,Polska,F,T,PL,POL,Poland,Pologne,Polen,UN Member State,2,51638.54631,"{""type"":""MultiPoint"",""coordinates"":[]}"
0_0000000000000000002d,Paris,F,FR,France,F,T,FR,FRA,France,France,Frankreich,UN Member State,1,54433.16281,"{""type"":""MultiPoint"",""coordinates"":[]}"
1_00000000000000000008,Madrid,F,ES,España,F,T,ES,ESP,Spain,Espagne,Spanien,UN Member State,2,54663.13406,"{""type"":""MultiPoint"",""coordinates"":[]}"
1_00000000000000000016,Rome,F,IT,Italia,F,T,IT,ITA,Italy,Italie,Italien,UN Member State,2,56494.38615,"{""type"":""MultiPoint"",""coordinates"":[]}"
5_0000000000000000002d,Paris,F,FR,France,F,T,FR,FRA,France,France,Frankreich,UN Member State,6,56816.62727,"{""type"":""MultiPoint"",""coordinates"":[]}"
2_00000000000000000024,Warsaw,F,PL,Polska,F,T,PL,POL,Poland,Pologne,Polen,UN Member State,3,58779.74748,"{""type"":""MultiPoint"",""coordinates"":[]}"
1_0000000000000000002b,London,F,UK,United Kingdom,F,F,UK,GBR,United Kingdom,Royaume-Uni,Vereinigtes Königreich,UN Member State,2,59142.85402,"{""type"":""MultiPoint"",""coordinates"":[]}"
7_00000000000000000026,Stockholm,F,SE,Sverige,F,T,SE,SWE,Sweden,Suède,Schweden,UN Member State,8,61403.02619,"{""type"":""MultiPoint"",""coordinates"":[]}"
1_00000000000000000010,Helsinki,F,FI,Suomi-Finland,F,T,FI,FIN,Finland,Finlande,Finnland,UN Member State,2,65151.64055,"{""type"":""MultiPoint"",""coordinates"":[]}"
1_0000000000000000000d,Berlin,F,DE,Deutschland,F,T,DE,DEU,Germany,Allemagne,Deutschland,UN Member State,2,65615.91532,"{""type"":""MultiPoint"",""coordinates"":[]}"
1_00000000000000000026,Stockholm,F,SE,Sverige,F,T,SE,SWE,Sweden,Suède,Schweden,UN Member State,2,69407.99412,"{""type"":""MultiPoint"",""coordinates"":[]}"
3_0000000000000000002d,Paris,F,FR,France,F,T,FR,FRA,France,France,Frankreich,UN Member State,4,71486.73577,"{""type"":""MultiPoint"",""coordinates"":[]}"
6_00000000000000000010,Helsinki,F,FI,Suomi-Finland,F,T,FI,FIN,Finland,Finlande,Finnland,UN Member State,7,78185.29238,"{""type"":""MultiPoint"",""coordinates"":[]}"
6_00000000000000000026,Stockholm,F,SE,Sverige,F,T,SE,SWE,Sweden,Suède,Schweden,UN Member State,7,114841.5056,"{""type"":""MultiPoint"",""coordinates"":[]}"
1_0000000000000000002d,Paris,F,FR,France,F,T,FR,FRA,France,France,Frankreich,UN Member State,2,151543.9907,"{""type"":""MultiPoint"",""coordinates"":[]}"
